-- ============================================================
-- RailMate Bangladesh — Canonical UUID Seed
-- Generated from local project data by scripts/generate_canonical_seed.mjs
-- Source files: data/stations.json, data/trains_fixed.json,
--               data/train_stops_fixed.json, data/fares_fixed.json
-- ============================================================

INSERT INTO stations (
  id,
  code,
  name_en,
  name_bn,
  division,
  zone,
  latitude,
  longitude,
  is_major,
  is_active,
  created_at
) VALUES
  (uuid_generate_v5(uuid_ns_url(), 'station:DHKA'), 'DHKA', 'Dhaka (Kamalapur)', 'ঢাকা (কমলাপুর)', 'Dhaka', 'East', 23.7332, 90.4272, true, true, NOW()),
  (uuid_generate_v5(uuid_ns_url(), 'station:DABB'), 'DABB', 'Dhaka Airport', 'ঢাকা বিমানবন্দর', 'Dhaka', 'East', 23.8522, 90.4083, false, true, NOW()),
  (uuid_generate_v5(uuid_ns_url(), 'station:DHCA'), 'DHCA', 'Dhaka Cantonment', 'ঢাকা ক্যান্টনমেন্ট', 'Dhaka', 'East', 23.8155, 90.4106, false, true, NOW()),
  (uuid_generate_v5(uuid_ns_url(), 'station:BNNI'), 'BNNI', 'Banani', 'বনানী', 'Dhaka', 'East', 23.7957, 90.4008, false, true, NOW()),
  (uuid_generate_v5(uuid_ns_url(), 'station:TJG'), 'TJG', 'Tejgaon', 'তেজগাঁও', 'Dhaka', 'East', 23.7676, 90.3896, false, true, NOW()),
  (uuid_generate_v5(uuid_ns_url(), 'station:TNG'), 'TNG', 'Tongi', 'টঙ্গী', 'Dhaka', 'East', 23.8973, 90.3994, false, true, NOW()),
  (uuid_generate_v5(uuid_ns_url(), 'station:JDP'), 'JDP', 'Joydebpur', 'জয়দেবপুর', 'Dhaka', 'East', 23.9999, 90.4011, false, true, NOW()),
  (uuid_generate_v5(uuid_ns_url(), 'station:NSD'), 'NSD', 'Narsingdi', 'নরসিংদী', 'Dhaka', 'East', 23.9215, 90.7139, false, true, NOW()),
  (uuid_generate_v5(uuid_ns_url(), 'station:BBZ'), 'BBZ', 'Bhairab Bazar', 'ভৈরব বাজার', 'Dhaka', 'East', 24.0528, 90.9736, false, true, NOW()),
  (uuid_generate_v5(uuid_ns_url(), 'station:NRG'), 'NRG', 'Narayanganj', 'নারায়ণগঞ্জ', 'Dhaka', 'East', 23.6238, 90.4996, false, true, NOW()),
  (uuid_generate_v5(uuid_ns_url(), 'station:CTG'), 'CTG', 'Chattogram', 'চট্টগ্রাম', 'Chittagong', 'East', 22.3384, 91.8317, true, true, NOW()),
  (uuid_generate_v5(uuid_ns_url(), 'station:COM'), 'COM', 'Comilla', 'কুমিল্লা', 'Chittagong', 'East', 23.4607, 91.1809, false, true, NOW()),
  (uuid_generate_v5(uuid_ns_url(), 'station:AKH'), 'AKH', 'Akhaura', 'আখাউড়া', 'Chittagong', 'East', 23.8842, 91.1497, false, true, NOW()),
  (uuid_generate_v5(uuid_ns_url(), 'station:LKS'), 'LKS', 'Laksam', 'লাকসাম', 'Chittagong', 'East', 23.2481, 91.1367, false, true, NOW()),
  (uuid_generate_v5(uuid_ns_url(), 'station:NOA'), 'NOA', 'Noakhali', 'নোয়াখালী', 'Chittagong', 'East', 22.8696, 91.0996, false, true, NOW()),
  (uuid_generate_v5(uuid_ns_url(), 'station:CDP'), 'CDP', 'Chandpur', 'চাঁদপুর', 'Chittagong', 'East', 23.2332, 90.6518, false, true, NOW()),
  (uuid_generate_v5(uuid_ns_url(), 'station:CXBZ'), 'CXBZ', 'Cox''s Bazar', 'কক্সবাজার', 'Chittagong', 'East', 21.4272, 92.0058, false, true, NOW()),
  (uuid_generate_v5(uuid_ns_url(), 'station:SYT'), 'SYT', 'Sylhet', 'সিলেট', 'Sylhet', 'East', 24.8949, 91.8687, true, true, NOW()),
  (uuid_generate_v5(uuid_ns_url(), 'station:SRM'), 'SRM', 'Sreemangal', 'শ্রীমঙ্গল', 'Sylhet', 'East', 24.3068, 91.7279, false, true, NOW()),
  (uuid_generate_v5(uuid_ns_url(), 'station:KLR'), 'KLR', 'Kulaura', 'কুলাউড়া', 'Sylhet', 'East', 24.5358, 92.0356, false, true, NOW()),
  (uuid_generate_v5(uuid_ns_url(), 'station:KSG'), 'KSG', 'Kishoreganj', 'কিশোরগঞ্জ', 'Dhaka', 'East', 24.4449, 90.782, false, true, NOW()),
  (uuid_generate_v5(uuid_ns_url(), 'station:MYM'), 'MYM', 'Mymensingh', 'ময়মনসিংহ', 'Mymensingh', 'East', 24.7471, 90.4073, true, true, NOW()),
  (uuid_generate_v5(uuid_ns_url(), 'station:JMP'), 'JMP', 'Jamalpur', 'জামালপুর', 'Mymensingh', 'East', 24.9004, 89.9433, false, true, NOW()),
  (uuid_generate_v5(uuid_ns_url(), 'station:NTK'), 'NTK', 'Netrokona', 'নেত্রকোণা', 'Mymensingh', 'East', 24.8803, 90.8674, false, true, NOW()),
  (uuid_generate_v5(uuid_ns_url(), 'station:RAJ'), 'RAJ', 'Rajshahi', 'রাজশাহী', 'Rajshahi', 'West', 24.3749, 88.6048, true, true, NOW()),
  (uuid_generate_v5(uuid_ns_url(), 'station:NTR'), 'NTR', 'Natore', 'নাটোর', 'Rajshahi', 'West', 24.4203, 88.9922, false, true, NOW()),
  (uuid_generate_v5(uuid_ns_url(), 'station:IWD'), 'IWD', 'Ishwardi', 'ঈশ্বরদী', 'Rajshahi', 'West', 24.1302, 89.0611, false, true, NOW()),
  (uuid_generate_v5(uuid_ns_url(), 'station:STH'), 'STH', 'Santahar', 'সান্তাহার', 'Rajshahi', 'West', 24.7573, 89.0391, false, true, NOW()),
  (uuid_generate_v5(uuid_ns_url(), 'station:BOG'), 'BOG', 'Bogura', 'বগুড়া', 'Rajshahi', 'West', 24.8466, 89.3773, false, true, NOW()),
  (uuid_generate_v5(uuid_ns_url(), 'station:SJG'), 'SJG', 'Sirajganj', 'সিরাজগঞ্জ', 'Rajshahi', 'West', 24.4536, 89.7161, false, true, NOW()),
  (uuid_generate_v5(uuid_ns_url(), 'station:JPH'), 'JPH', 'Joypurhat', 'জয়পুরহাট', 'Rajshahi', 'West', 25.1006, 89.0189, false, true, NOW()),
  (uuid_generate_v5(uuid_ns_url(), 'station:CPN'), 'CPN', 'Chapai Nawabganj', 'চাঁপাইনবাবগঞ্জ', 'Rajshahi', 'West', 24.5948, 88.2773, false, true, NOW()),
  (uuid_generate_v5(uuid_ns_url(), 'station:PBP'), 'PBP', 'Parbatipur', 'পার্বতীপুর', 'Rangpur', 'West', 25.6476, 88.9002, false, true, NOW()),
  (uuid_generate_v5(uuid_ns_url(), 'station:DNJ'), 'DNJ', 'Dinajpur', 'দিনাজপুর', 'Rangpur', 'West', 25.6279, 88.6337, false, true, NOW()),
  (uuid_generate_v5(uuid_ns_url(), 'station:RNG'), 'RNG', 'Rangpur', 'রংপুর', 'Rangpur', 'West', 25.7439, 89.2752, false, true, NOW()),
  (uuid_generate_v5(uuid_ns_url(), 'station:LMH'), 'LMH', 'Lalmonirhat', 'লালমনিরহাট', 'Rangpur', 'West', 25.92, 89.448, false, true, NOW()),
  (uuid_generate_v5(uuid_ns_url(), 'station:PCG'), 'PCG', 'Panchagarh', 'পঞ্চগড়', 'Rangpur', 'West', 26.3393, 88.5493, false, true, NOW()),
  (uuid_generate_v5(uuid_ns_url(), 'station:KRG'), 'KRG', 'Kurigram', 'কুড়িগ্রাম', 'Rangpur', 'West', 25.8033, 89.636, false, true, NOW()),
  (uuid_generate_v5(uuid_ns_url(), 'station:CLH'), 'CLH', 'Chilahati', 'চিলাহাটি', 'Rangpur', 'West', 25.9913, 88.7742, false, true, NOW()),
  (uuid_generate_v5(uuid_ns_url(), 'station:KHU'), 'KHU', 'Khulna', 'খুলনা', 'Khulna', 'West', 22.8456, 89.5403, true, true, NOW()),
  (uuid_generate_v5(uuid_ns_url(), 'station:JS'), 'JS', 'Jessore (Jashore)', 'যশোর', 'Khulna', 'West', 23.1543, 89.2086, false, true, NOW()),
  (uuid_generate_v5(uuid_ns_url(), 'station:BNP'), 'BNP', 'Benapole', 'বেনাপোল', 'Khulna', 'West', 23.0113, 88.9307, false, true, NOW()),
  (uuid_generate_v5(uuid_ns_url(), 'station:RPS'), 'RPS', 'Rupsha', 'রূপসা', 'Khulna', 'West', 22.7786, 89.5584, false, true, NOW()),
  (uuid_generate_v5(uuid_ns_url(), 'station:BRL'), 'BRL', 'Barisal', 'বরিশাল', 'Barisal', 'West', 22.701, 90.3535, false, true, NOW()),
  (uuid_generate_v5(uuid_ns_url(), 'station:FRP'), 'FRP', 'Faridpur', 'ফরিদপুর', 'Dhaka', 'West', 23.607, 89.8429, false, true, NOW()),
  (uuid_generate_v5(uuid_ns_url(), 'station:RBR'), 'RBR', 'Rajbari', 'রাজবাড়ী', 'Dhaka', 'West', 23.7621, 89.6398, false, true, NOW()),
  (uuid_generate_v5(uuid_ns_url(), 'station:TGL'), 'TGL', 'Tangail', 'টাঙ্গাইল', 'Dhaka', 'East', 24.2512, 89.9167, false, true, NOW()),
  (uuid_generate_v5(uuid_ns_url(), 'station:GZP'), 'GZP', 'Gazipur', 'গাজীপুর', 'Dhaka', 'East', 23.999, 90.4115, false, true, NOW()),
  (uuid_generate_v5(uuid_ns_url(), 'station:GBD'), 'GBD', 'Gaibandha', 'গাইবান্ধা', 'Rangpur', 'West', 25.3285, 89.5283, false, true, NOW()),
  (uuid_generate_v5(uuid_ns_url(), 'station:PBN'), 'PBN', 'Pabna', 'পাবনা', 'Rajshahi', 'West', 24.0064, 89.2372, false, true, NOW()),
  (uuid_generate_v5(uuid_ns_url(), 'station:ULP'), 'ULP', 'Ullapara', 'উল্লাপাড়া', 'Rajshahi', 'West', 24.3301, 89.6024, false, true, NOW()),
  (uuid_generate_v5(uuid_ns_url(), 'station:BMR'), 'BMR', 'Burimari', 'বুড়িমারী', 'Rangpur', 'West', 25.8813, 89.3394, false, true, NOW()),
  (uuid_generate_v5(uuid_ns_url(), 'station:DLC'), 'DLC', 'Dhalarchar', 'ধলারচর', 'Rajshahi', 'West', 24.47, 88.37, false, true, NOW()),
  (uuid_generate_v5(uuid_ns_url(), 'station:MHJ'), 'MHJ', 'Mohonganj', 'মোহনগঞ্জ', 'Mymensingh', 'East', 24.69, 90.99, false, true, NOW());

INSERT INTO trains (
  id,
  number,
  name_en,
  name_bn,
  type,
  origin_id,
  destination_id,
  days_of_week,
  is_active,
  notes,
  last_verified,
  created_at,
  updated_at
) VALUES
  (uuid_generate_v5(uuid_ns_url(), 'train:735'), '735', 'Aghnibina Express', 'Aghnibina Express', 'Intercity', uuid_generate_v5(uuid_ns_url(), 'station:DHKA'), uuid_generate_v5(uuid_ns_url(), 'station:SYT'), ARRAY[0, 1, 2, 3, 4, 6]::SMALLINT[], true, NULL, NULL, NOW(), NOW()),
  (uuid_generate_v5(uuid_ns_url(), 'train:736'), '736', 'Aghnibina Express', 'Aghnibina Express', 'Intercity', uuid_generate_v5(uuid_ns_url(), 'station:SYT'), uuid_generate_v5(uuid_ns_url(), 'station:DHKA'), ARRAY[0, 1, 2, 3, 4, 6]::SMALLINT[], true, NULL, NULL, NOW(), NOW()),
  (uuid_generate_v5(uuid_ns_url(), 'train:791'), '791', 'Banalata Express', 'Banalata Express', 'Intercity', uuid_generate_v5(uuid_ns_url(), 'station:DHKA'), uuid_generate_v5(uuid_ns_url(), 'station:RAJ'), ARRAY[0, 1, 3, 4, 5, 6]::SMALLINT[], true, NULL, NULL, NOW(), NOW()),
  (uuid_generate_v5(uuid_ns_url(), 'train:792'), '792', 'Banalata Express', 'Banalata Express', 'Intercity', uuid_generate_v5(uuid_ns_url(), 'station:RAJ'), uuid_generate_v5(uuid_ns_url(), 'station:DHKA'), ARRAY[0, 1, 2, 4, 5, 6]::SMALLINT[], true, NULL, NULL, NOW(), NOW()),
  (uuid_generate_v5(uuid_ns_url(), 'train:803'), '803', 'Banglabandha Express', 'Banglabandha Express', 'Intercity', uuid_generate_v5(uuid_ns_url(), 'station:DHKA'), uuid_generate_v5(uuid_ns_url(), 'station:PCG'), ARRAY[1, 2, 3, 4, 5, 6]::SMALLINT[], true, NULL, NULL, NOW(), NOW()),
  (uuid_generate_v5(uuid_ns_url(), 'train:804'), '804', 'Banglabandha Express', 'Banglabandha Express', 'Intercity', uuid_generate_v5(uuid_ns_url(), 'station:PCG'), uuid_generate_v5(uuid_ns_url(), 'station:DHKA'), ARRAY[0, 2, 3, 4, 5, 6]::SMALLINT[], true, NULL, NULL, NOW(), NOW()),
  (uuid_generate_v5(uuid_ns_url(), 'train:731'), '731', 'Barendra Express', 'Barendra Express', 'Intercity', uuid_generate_v5(uuid_ns_url(), 'station:DHKA'), uuid_generate_v5(uuid_ns_url(), 'station:CPN'), ARRAY[0, 1, 2, 4, 5, 6]::SMALLINT[], true, NULL, NULL, NOW(), NOW()),
  (uuid_generate_v5(uuid_ns_url(), 'train:732'), '732', 'Barendra Express', 'Barendra Express', 'Intercity', uuid_generate_v5(uuid_ns_url(), 'station:CPN'), uuid_generate_v5(uuid_ns_url(), 'station:DHKA'), ARRAY[0, 1, 2, 3, 5, 6]::SMALLINT[], true, NULL, NULL, NOW(), NOW()),
  (uuid_generate_v5(uuid_ns_url(), 'train:795'), '795', 'Benapole Express', 'Benapole Express', 'Intercity', uuid_generate_v5(uuid_ns_url(), 'station:DHKA'), uuid_generate_v5(uuid_ns_url(), 'station:BNP'), ARRAY[0, 1, 3, 4, 5, 6]::SMALLINT[], true, NULL, NULL, NOW(), NOW()),
  (uuid_generate_v5(uuid_ns_url(), 'train:796'), '796', 'Benapole Express', 'Benapole Express', 'Intercity', uuid_generate_v5(uuid_ns_url(), 'station:BNP'), uuid_generate_v5(uuid_ns_url(), 'station:DHKA'), ARRAY[0, 1, 2, 4, 5, 6]::SMALLINT[], true, NULL, NULL, NOW(), NOW()),
  (uuid_generate_v5(uuid_ns_url(), 'train:785'), '785', 'Bijoy Express', 'Bijoy Express', 'Intercity', uuid_generate_v5(uuid_ns_url(), 'station:DHKA'), uuid_generate_v5(uuid_ns_url(), 'station:KHU'), ARRAY[1, 2, 3, 4, 5, 6]::SMALLINT[], true, NULL, NULL, NOW(), NOW()),
  (uuid_generate_v5(uuid_ns_url(), 'train:786'), '786', 'Bijoy Express', 'Bijoy Express', 'Intercity', uuid_generate_v5(uuid_ns_url(), 'station:KHU'), uuid_generate_v5(uuid_ns_url(), 'station:DHKA'), ARRAY[0, 2, 3, 4, 5, 6]::SMALLINT[], true, NULL, NULL, NOW(), NOW()),
  (uuid_generate_v5(uuid_ns_url(), 'train:743'), '743', 'Brahmaputra Express', 'Brahmaputra Express', 'Intercity', uuid_generate_v5(uuid_ns_url(), 'station:DHKA'), uuid_generate_v5(uuid_ns_url(), 'station:JMP'), ARRAY[0, 1, 2, 3, 4, 6]::SMALLINT[], true, NULL, NULL, NOW(), NOW()),
  (uuid_generate_v5(uuid_ns_url(), 'train:744'), '744', 'Brahmaputra Express', 'Brahmaputra Express', 'Intercity', uuid_generate_v5(uuid_ns_url(), 'station:JMP'), uuid_generate_v5(uuid_ns_url(), 'station:DHKA'), ARRAY[0, 1, 2, 3, 4, 6]::SMALLINT[], true, NULL, NULL, NOW(), NOW()),
  (uuid_generate_v5(uuid_ns_url(), 'train:809'), '809', 'Burimari Express', 'Burimari Express', 'Intercity', uuid_generate_v5(uuid_ns_url(), 'station:DHKA'), uuid_generate_v5(uuid_ns_url(), 'station:BMR'), ARRAY[0, 1, 2, 4, 5, 6]::SMALLINT[], true, NULL, NULL, NOW(), NOW()),
  (uuid_generate_v5(uuid_ns_url(), 'train:810'), '810', 'Burimari Express', 'Burimari Express', 'Intercity', uuid_generate_v5(uuid_ns_url(), 'station:BMR'), uuid_generate_v5(uuid_ns_url(), 'station:DHKA'), ARRAY[0, 1, 2, 3, 5, 6]::SMALLINT[], true, NULL, NULL, NOW(), NOW()),
  (uuid_generate_v5(uuid_ns_url(), 'train:1'), '1', 'Chandpur Eid Special', 'Chandpur Eid Special', 'Express', uuid_generate_v5(uuid_ns_url(), 'station:DHKA'), uuid_generate_v5(uuid_ns_url(), 'station:CDP'), ARRAY[0, 1, 2, 3, 4, 5, 6]::SMALLINT[], true, 'Eid seasonal only', NULL, NOW(), NOW()),
  (uuid_generate_v5(uuid_ns_url(), 'train:109'), '109', 'Chapainawabganj Shuttle', 'Chapainawabganj Shuttle', 'Local', uuid_generate_v5(uuid_ns_url(), 'station:RAJ'), uuid_generate_v5(uuid_ns_url(), 'station:CPN'), ARRAY[0, 1, 2, 3, 4, 5, 6]::SMALLINT[], true, NULL, NULL, NOW(), NOW()),
  (uuid_generate_v5(uuid_ns_url(), 'train:110'), '110', 'Chapainawabganj Shuttle', 'Chapainawabganj Shuttle', 'Local', uuid_generate_v5(uuid_ns_url(), 'station:CPN'), uuid_generate_v5(uuid_ns_url(), 'station:RAJ'), ARRAY[0, 1, 2, 3, 4, 5, 6]::SMALLINT[], true, NULL, NULL, NOW(), NOW()),
  (uuid_generate_v5(uuid_ns_url(), 'train:801'), '801', 'Chattala Express', 'Chattala Express', 'Intercity', uuid_generate_v5(uuid_ns_url(), 'station:DHKA'), uuid_generate_v5(uuid_ns_url(), 'station:CTG'), ARRAY[0, 1, 2, 4, 5, 6]::SMALLINT[], true, NULL, NULL, NOW(), NOW()),
  (uuid_generate_v5(uuid_ns_url(), 'train:802'), '802', 'Chattala Express', 'Chattala Express', 'Intercity', uuid_generate_v5(uuid_ns_url(), 'station:CTG'), uuid_generate_v5(uuid_ns_url(), 'station:DHKA'), ARRAY[0, 1, 2, 3, 5, 6]::SMALLINT[], true, NULL, NULL, NOW(), NOW()),
  (uuid_generate_v5(uuid_ns_url(), 'train:805'), '805', 'Chilahati Express', 'Chilahati Express', 'Intercity', uuid_generate_v5(uuid_ns_url(), 'station:DHKA'), uuid_generate_v5(uuid_ns_url(), 'station:CLH'), ARRAY[0, 1, 3, 4, 5, 6]::SMALLINT[], true, NULL, NULL, NOW(), NOW()),
  (uuid_generate_v5(uuid_ns_url(), 'train:806'), '806', 'Chilahati Express', 'Chilahati Express', 'Intercity', uuid_generate_v5(uuid_ns_url(), 'station:CLH'), uuid_generate_v5(uuid_ns_url(), 'station:DHKA'), ARRAY[0, 1, 2, 4, 5, 6]::SMALLINT[], true, NULL, NULL, NOW(), NOW()),
  (uuid_generate_v5(uuid_ns_url(), 'train:763'), '763', 'Chitra Express', 'Chitra Express', 'Intercity', uuid_generate_v5(uuid_ns_url(), 'station:DHKA'), uuid_generate_v5(uuid_ns_url(), 'station:KHU'), ARRAY[0, 1, 2, 3, 4, 6]::SMALLINT[], true, NULL, NULL, NOW(), NOW()),
  (uuid_generate_v5(uuid_ns_url(), 'train:764'), '764', 'Chitra Express', 'Chitra Express', 'Intercity', uuid_generate_v5(uuid_ns_url(), 'station:KHU'), uuid_generate_v5(uuid_ns_url(), 'station:DHKA'), ARRAY[0, 1, 2, 3, 4, 5]::SMALLINT[], true, NULL, NULL, NOW(), NOW()),
  (uuid_generate_v5(uuid_ns_url(), 'train:813'), '813', 'Cox''s Bazar Express', 'Cox''s Bazar Express', 'Intercity', uuid_generate_v5(uuid_ns_url(), 'station:DHKA'), uuid_generate_v5(uuid_ns_url(), 'station:CXBZ'), ARRAY[0, 1, 3, 4, 5, 6]::SMALLINT[], true, NULL, NULL, NOW(), NOW()),
  (uuid_generate_v5(uuid_ns_url(), 'train:814'), '814', 'Cox''s Bazar Express', 'Cox''s Bazar Express', 'Intercity', uuid_generate_v5(uuid_ns_url(), 'station:CXBZ'), uuid_generate_v5(uuid_ns_url(), 'station:DHKA'), ARRAY[0, 1, 2, 4, 5, 6]::SMALLINT[], true, NULL, NULL, NOW(), NOW()),
  (uuid_generate_v5(uuid_ns_url(), 'train:769'), '769', 'Dhumketu Express', 'Dhumketu Express', 'Intercity', uuid_generate_v5(uuid_ns_url(), 'station:DHKA'), uuid_generate_v5(uuid_ns_url(), 'station:RAJ'), ARRAY[0, 1, 2, 3, 4, 6]::SMALLINT[], true, NULL, NULL, NOW(), NOW()),
  (uuid_generate_v5(uuid_ns_url(), 'train:770'), '770', 'Dhumketu Express', 'Dhumketu Express', 'Intercity', uuid_generate_v5(uuid_ns_url(), 'station:RAJ'), uuid_generate_v5(uuid_ns_url(), 'station:DHKA'), ARRAY[0, 1, 2, 3, 4, 5]::SMALLINT[], true, NULL, NULL, NOW(), NOW()),
  (uuid_generate_v5(uuid_ns_url(), 'train:779'), '779', 'Dhalarchar Express', 'Dhalarchar Express', 'Intercity', uuid_generate_v5(uuid_ns_url(), 'station:DLC'), uuid_generate_v5(uuid_ns_url(), 'station:CPN'), ARRAY[0, 1, 2, 3, 5, 6]::SMALLINT[], true, NULL, NULL, NOW(), NOW()),
  (uuid_generate_v5(uuid_ns_url(), 'train:780'), '780', 'Dhalarchar Express', 'Dhalarchar Express', 'Intercity', uuid_generate_v5(uuid_ns_url(), 'station:CPN'), uuid_generate_v5(uuid_ns_url(), 'station:DLC'), ARRAY[0, 1, 2, 4, 5, 6]::SMALLINT[], true, NULL, NULL, NOW(), NOW()),
  (uuid_generate_v5(uuid_ns_url(), 'train:767'), '767', 'Dolonchapa Express', 'Dolonchapa Express', 'Intercity', uuid_generate_v5(uuid_ns_url(), 'station:DHKA'), uuid_generate_v5(uuid_ns_url(), 'station:MYM'), ARRAY[0, 1, 2, 3, 4, 6]::SMALLINT[], true, NULL, NULL, NOW(), NOW()),
  (uuid_generate_v5(uuid_ns_url(), 'train:768'), '768', 'Dolonchapa Express', 'Dolonchapa Express', 'Intercity', uuid_generate_v5(uuid_ns_url(), 'station:MYM'), uuid_generate_v5(uuid_ns_url(), 'station:DHKA'), ARRAY[0, 1, 2, 3, 4, 5]::SMALLINT[], true, NULL, NULL, NOW(), NOW()),
  (uuid_generate_v5(uuid_ns_url(), 'train:757'), '757', 'Drutojan Express', 'Drutojan Express', 'Intercity', uuid_generate_v5(uuid_ns_url(), 'station:DHKA'), uuid_generate_v5(uuid_ns_url(), 'station:KHU'), ARRAY[0, 2, 3, 4, 5, 6]::SMALLINT[], true, NULL, NULL, NOW(), NOW()),
  (uuid_generate_v5(uuid_ns_url(), 'train:758'), '758', 'Drutojan Express', 'Drutojan Express', 'Intercity', uuid_generate_v5(uuid_ns_url(), 'station:KHU'), uuid_generate_v5(uuid_ns_url(), 'station:DHKA'), ARRAY[0, 1, 3, 4, 5, 6]::SMALLINT[], true, NULL, NULL, NOW(), NOW()),
  (uuid_generate_v5(uuid_ns_url(), 'train:749'), '749', 'Egarosindhur Godhuli', 'Egarosindhur Godhuli', 'Intercity', uuid_generate_v5(uuid_ns_url(), 'station:DHKA'), uuid_generate_v5(uuid_ns_url(), 'station:KSG'), ARRAY[1, 2, 3, 4, 5, 6]::SMALLINT[], true, NULL, NULL, NOW(), NOW()),
  (uuid_generate_v5(uuid_ns_url(), 'train:750'), '750', 'Egarosindhur Godhuli', 'Egarosindhur Godhuli', 'Intercity', uuid_generate_v5(uuid_ns_url(), 'station:KSG'), uuid_generate_v5(uuid_ns_url(), 'station:DHKA'), ARRAY[1, 2, 3, 4, 5, 6]::SMALLINT[], true, NULL, NULL, NOW(), NOW()),
  (uuid_generate_v5(uuid_ns_url(), 'train:737'), '737', 'Egarosindhur Provati', 'Egarosindhur Provati', 'Intercity', uuid_generate_v5(uuid_ns_url(), 'station:DHKA'), uuid_generate_v5(uuid_ns_url(), 'station:KSG'), ARRAY[1, 2, 3, 4, 5, 6]::SMALLINT[], true, NULL, NULL, NOW(), NOW()),
  (uuid_generate_v5(uuid_ns_url(), 'train:738'), '738', 'Egarosindhur Provati', 'Egarosindhur Provati', 'Intercity', uuid_generate_v5(uuid_ns_url(), 'station:KSG'), uuid_generate_v5(uuid_ns_url(), 'station:DHKA'), ARRAY[1, 2, 3, 4, 5, 6]::SMALLINT[], true, NULL, NULL, NOW(), NOW()),
  (uuid_generate_v5(uuid_ns_url(), 'train:705'), '705', 'Ekota Express', 'Ekota Express', 'Intercity', uuid_generate_v5(uuid_ns_url(), 'station:DHKA'), uuid_generate_v5(uuid_ns_url(), 'station:PBP'), ARRAY[0, 1, 2, 4, 5, 6]::SMALLINT[], true, NULL, NULL, NOW(), NOW()),
  (uuid_generate_v5(uuid_ns_url(), 'train:706'), '706', 'Ekota Express', 'Ekota Express', 'Intercity', uuid_generate_v5(uuid_ns_url(), 'station:PBP'), uuid_generate_v5(uuid_ns_url(), 'station:DHKA'), ARRAY[0, 1, 2, 3, 5, 6]::SMALLINT[], true, NULL, NULL, NOW(), NOW()),
  (uuid_generate_v5(uuid_ns_url(), 'train:777'), '777', 'Hawr Express', 'Hawr Express', 'Intercity', uuid_generate_v5(uuid_ns_url(), 'station:DHKA'), uuid_generate_v5(uuid_ns_url(), 'station:MHJ'), ARRAY[0, 1, 2, 3, 4, 6]::SMALLINT[], true, NULL, NULL, NOW(), NOW()),
  (uuid_generate_v5(uuid_ns_url(), 'train:778'), '778', 'Hawr Express', 'Hawr Express', 'Intercity', uuid_generate_v5(uuid_ns_url(), 'station:MHJ'), uuid_generate_v5(uuid_ns_url(), 'station:DHKA'), ARRAY[0, 1, 2, 3, 4, 5]::SMALLINT[], true, NULL, NULL, NOW(), NOW()),
  (uuid_generate_v5(uuid_ns_url(), 'train:825'), '825', 'Jahanabad Express', 'Jahanabad Express', 'Intercity', uuid_generate_v5(uuid_ns_url(), 'station:DHKA'), uuid_generate_v5(uuid_ns_url(), 'station:KHU'), ARRAY[0, 1, 3, 4, 5, 6]::SMALLINT[], true, 'Verify stops — newly added', NULL, NOW(), NOW()),
  (uuid_generate_v5(uuid_ns_url(), 'train:826'), '826', 'Jahanabad Express', 'Jahanabad Express', 'Intercity', uuid_generate_v5(uuid_ns_url(), 'station:KHU'), uuid_generate_v5(uuid_ns_url(), 'station:DHKA'), ARRAY[0, 1, 2, 4, 5, 6]::SMALLINT[], true, NULL, NULL, NOW(), NOW()),
  (uuid_generate_v5(uuid_ns_url(), 'train:799'), '799', 'Jamalpur Express', 'Jamalpur Express', 'Intercity', uuid_generate_v5(uuid_ns_url(), 'station:DHKA'), uuid_generate_v5(uuid_ns_url(), 'station:JMP'), ARRAY[0, 1, 2, 3, 4, 6]::SMALLINT[], true, NULL, NULL, NOW(), NOW()),
  (uuid_generate_v5(uuid_ns_url(), 'train:800'), '800', 'Jamalpur Express', 'Jamalpur Express', 'Intercity', uuid_generate_v5(uuid_ns_url(), 'station:JMP'), uuid_generate_v5(uuid_ns_url(), 'station:DHKA'), ARRAY[0, 1, 2, 3, 4, 6]::SMALLINT[], true, NULL, NULL, NOW(), NOW()),
  (uuid_generate_v5(uuid_ns_url(), 'train:745'), '745', 'Jamuna Express', 'Jamuna Express', 'Intercity', uuid_generate_v5(uuid_ns_url(), 'station:DHKA'), uuid_generate_v5(uuid_ns_url(), 'station:JMP'), ARRAY[0, 1, 2, 3, 4, 6]::SMALLINT[], true, NULL, NULL, NOW(), NOW()),
  (uuid_generate_v5(uuid_ns_url(), 'train:746'), '746', 'Jamuna Express', 'Jamuna Express', 'Intercity', uuid_generate_v5(uuid_ns_url(), 'station:JMP'), uuid_generate_v5(uuid_ns_url(), 'station:DHKA'), ARRAY[0, 1, 2, 3, 4, 6]::SMALLINT[], true, NULL, NULL, NOW(), NOW()),
  (uuid_generate_v5(uuid_ns_url(), 'train:717'), '717', 'Jayantika Express', 'Jayantika Express', 'Intercity', uuid_generate_v5(uuid_ns_url(), 'station:DHKA'), uuid_generate_v5(uuid_ns_url(), 'station:SYT'), ARRAY[0, 1, 2, 4, 5, 6]::SMALLINT[], true, NULL, NULL, NOW(), NOW()),
  (uuid_generate_v5(uuid_ns_url(), 'train:718'), '718', 'Jayantika Express', 'Jayantika Express', 'Intercity', uuid_generate_v5(uuid_ns_url(), 'station:SYT'), uuid_generate_v5(uuid_ns_url(), 'station:DHKA'), ARRAY[0, 1, 2, 3, 5, 6]::SMALLINT[], true, NULL, NULL, NOW(), NOW()),
  (uuid_generate_v5(uuid_ns_url(), 'train:773'), '773', 'Kalni Express', 'Kalni Express', 'Intercity', uuid_generate_v5(uuid_ns_url(), 'station:DHKA'), uuid_generate_v5(uuid_ns_url(), 'station:BBZ'), ARRAY[0, 1, 2, 3, 4, 6]::SMALLINT[], true, NULL, NULL, NOW(), NOW()),
  (uuid_generate_v5(uuid_ns_url(), 'train:774'), '774', 'Kalni Express', 'Kalni Express', 'Intercity', uuid_generate_v5(uuid_ns_url(), 'station:BBZ'), uuid_generate_v5(uuid_ns_url(), 'station:DHKA'), ARRAY[0, 1, 2, 3, 4, 6]::SMALLINT[], true, NULL, NULL, NOW(), NOW()),
  (uuid_generate_v5(uuid_ns_url(), 'train:41'), '41', 'Kanchon Intercity Commuter', 'Kanchon Intercity Commuter', 'Local', uuid_generate_v5(uuid_ns_url(), 'station:DHKA'), uuid_generate_v5(uuid_ns_url(), 'station:NRG'), ARRAY[0, 1, 2, 3, 4, 5, 6]::SMALLINT[], true, NULL, NULL, NOW(), NOW()),
  (uuid_generate_v5(uuid_ns_url(), 'train:42'), '42', 'Kanchon Intercity Commuter', 'Kanchon Intercity Commuter', 'Local', uuid_generate_v5(uuid_ns_url(), 'station:NRG'), uuid_generate_v5(uuid_ns_url(), 'station:DHKA'), ARRAY[0, 1, 2, 3, 4, 5, 6]::SMALLINT[], true, NULL, NULL, NOW(), NOW()),
  (uuid_generate_v5(uuid_ns_url(), 'train:715'), '715', 'Kapotaksha Express', 'Kapotaksha Express', 'Intercity', uuid_generate_v5(uuid_ns_url(), 'station:DHKA'), uuid_generate_v5(uuid_ns_url(), 'station:KHU'), ARRAY[0, 1, 3, 4, 5, 6]::SMALLINT[], true, NULL, NULL, NOW(), NOW()),
  (uuid_generate_v5(uuid_ns_url(), 'train:716'), '716', 'Kapotaksha Express', 'Kapotaksha Express', 'Intercity', uuid_generate_v5(uuid_ns_url(), 'station:KHU'), uuid_generate_v5(uuid_ns_url(), 'station:DHKA'), ARRAY[0, 1, 2, 4, 5, 6]::SMALLINT[], true, NULL, NULL, NOW(), NOW()),
  (uuid_generate_v5(uuid_ns_url(), 'train:781'), '781', 'Kishoreganj Express', 'Kishoreganj Express', 'Intercity', uuid_generate_v5(uuid_ns_url(), 'station:DHKA'), uuid_generate_v5(uuid_ns_url(), 'station:KSG'), ARRAY[0, 1, 2, 3, 4, 6]::SMALLINT[], true, NULL, NULL, NOW(), NOW()),
  (uuid_generate_v5(uuid_ns_url(), 'train:782'), '782', 'Kishoreganj Express', 'Kishoreganj Express', 'Intercity', uuid_generate_v5(uuid_ns_url(), 'station:KSG'), uuid_generate_v5(uuid_ns_url(), 'station:DHKA'), ARRAY[0, 1, 2, 3, 4, 6]::SMALLINT[], true, NULL, NULL, NOW(), NOW()),
  (uuid_generate_v5(uuid_ns_url(), 'train:713'), '713', 'Korotoa Express', 'Korotoa Express', 'Intercity', uuid_generate_v5(uuid_ns_url(), 'station:DHKA'), uuid_generate_v5(uuid_ns_url(), 'station:LMH'), ARRAY[0, 1, 2, 3, 4, 5]::SMALLINT[], true, NULL, NULL, NOW(), NOW()),
  (uuid_generate_v5(uuid_ns_url(), 'train:714'), '714', 'Korotoa Express', 'Korotoa Express', 'Intercity', uuid_generate_v5(uuid_ns_url(), 'station:LMH'), uuid_generate_v5(uuid_ns_url(), 'station:DHKA'), ARRAY[1, 2, 3, 4, 5, 6]::SMALLINT[], true, NULL, NULL, NOW(), NOW()),
  (uuid_generate_v5(uuid_ns_url(), 'train:797'), '797', 'Kurigram Express', 'Kurigram Express', 'Intercity', uuid_generate_v5(uuid_ns_url(), 'station:DHKA'), uuid_generate_v5(uuid_ns_url(), 'station:KRG'), ARRAY[0, 1, 2, 3, 5, 6]::SMALLINT[], true, NULL, NULL, NOW(), NOW()),
  (uuid_generate_v5(uuid_ns_url(), 'train:798'), '798', 'Kurigram Express', 'Kurigram Express', 'Intercity', uuid_generate_v5(uuid_ns_url(), 'station:KRG'), uuid_generate_v5(uuid_ns_url(), 'station:DHKA'), ARRAY[0, 1, 2, 3, 4, 6]::SMALLINT[], true, NULL, NULL, NOW(), NOW()),
  (uuid_generate_v5(uuid_ns_url(), 'train:751'), '751', 'Lalmoni Express', 'Lalmoni Express', 'Intercity', uuid_generate_v5(uuid_ns_url(), 'station:DHKA'), uuid_generate_v5(uuid_ns_url(), 'station:LMH'), ARRAY[0, 1, 3, 4, 5, 6]::SMALLINT[], true, NULL, NULL, NOW(), NOW()),
  (uuid_generate_v5(uuid_ns_url(), 'train:752'), '752', 'Lalmoni Express', 'Lalmoni Express', 'Intercity', uuid_generate_v5(uuid_ns_url(), 'station:LMH'), uuid_generate_v5(uuid_ns_url(), 'station:DHKA'), ARRAY[0, 1, 2, 4, 5, 6]::SMALLINT[], true, NULL, NULL, NOW(), NOW()),
  (uuid_generate_v5(uuid_ns_url(), 'train:755'), '755', 'Madhumati Express', 'Madhumati Express', 'Intercity', uuid_generate_v5(uuid_ns_url(), 'station:DHKA'), uuid_generate_v5(uuid_ns_url(), 'station:KHU'), ARRAY[0, 2, 3, 4, 5, 6]::SMALLINT[], true, NULL, NULL, NOW(), NOW()),
  (uuid_generate_v5(uuid_ns_url(), 'train:756'), '756', 'Madhumati Express', 'Madhumati Express', 'Intercity', uuid_generate_v5(uuid_ns_url(), 'station:KHU'), uuid_generate_v5(uuid_ns_url(), 'station:DHKA'), ARRAY[0, 1, 3, 4, 5, 6]::SMALLINT[], true, NULL, NULL, NOW(), NOW()),
  (uuid_generate_v5(uuid_ns_url(), 'train:703'), '703', 'Mahanagar Godhuli', 'Mahanagar Godhuli', 'Intercity', uuid_generate_v5(uuid_ns_url(), 'station:CTG'), uuid_generate_v5(uuid_ns_url(), 'station:DHKA'), ARRAY[0, 1, 2, 3, 4, 5, 6]::SMALLINT[], true, NULL, NULL, NOW(), NOW()),
  (uuid_generate_v5(uuid_ns_url(), 'train:704'), '704', 'Mahanagar Provati', 'Mahanagar Provati', 'Intercity', uuid_generate_v5(uuid_ns_url(), 'station:DHKA'), uuid_generate_v5(uuid_ns_url(), 'station:CTG'), ARRAY[0, 1, 2, 3, 4, 5, 6]::SMALLINT[], true, NULL, NULL, NOW(), NOW()),
  (uuid_generate_v5(uuid_ns_url(), 'train:729'), '729', 'Meghna Express', 'Meghna Express', 'Intercity', uuid_generate_v5(uuid_ns_url(), 'station:DHKA'), uuid_generate_v5(uuid_ns_url(), 'station:CTG'), ARRAY[0, 1, 2, 3, 4, 6]::SMALLINT[], true, NULL, NULL, NOW(), NOW()),
  (uuid_generate_v5(uuid_ns_url(), 'train:730'), '730', 'Meghna Express', 'Meghna Express', 'Intercity', uuid_generate_v5(uuid_ns_url(), 'station:CTG'), uuid_generate_v5(uuid_ns_url(), 'station:DHKA'), ARRAY[0, 1, 2, 3, 4, 6]::SMALLINT[], true, NULL, NULL, NOW(), NOW()),
  (uuid_generate_v5(uuid_ns_url(), 'train:721'), '721', 'Mohanagar Express', 'Mohanagar Express', 'Intercity', uuid_generate_v5(uuid_ns_url(), 'station:DHKA'), uuid_generate_v5(uuid_ns_url(), 'station:RAJ'), ARRAY[0, 1, 2, 3, 5, 6]::SMALLINT[], true, NULL, NULL, NOW(), NOW()),
  (uuid_generate_v5(uuid_ns_url(), 'train:722'), '722', 'Mohanagar Express', 'Mohanagar Express', 'Intercity', uuid_generate_v5(uuid_ns_url(), 'station:RAJ'), uuid_generate_v5(uuid_ns_url(), 'station:DHKA'), ARRAY[0, 1, 2, 3, 4, 6]::SMALLINT[], true, NULL, NULL, NOW(), NOW()),
  (uuid_generate_v5(uuid_ns_url(), 'train:789'), '789', 'Mohonganj Express', 'Mohonganj Express', 'Intercity', uuid_generate_v5(uuid_ns_url(), 'station:DHKA'), uuid_generate_v5(uuid_ns_url(), 'station:MHJ'), ARRAY[0, 1, 2, 3, 4, 6]::SMALLINT[], true, NULL, NULL, NOW(), NOW()),
  (uuid_generate_v5(uuid_ns_url(), 'train:790'), '790', 'Mohonganj Express', 'Mohonganj Express', 'Intercity', uuid_generate_v5(uuid_ns_url(), 'station:MHJ'), uuid_generate_v5(uuid_ns_url(), 'station:DHKA'), ARRAY[0, 1, 2, 3, 4, 6]::SMALLINT[], true, NULL, NULL, NOW(), NOW()),
  (uuid_generate_v5(uuid_ns_url(), 'train:765'), '765', 'Nilsagar Express', 'Nilsagar Express', 'Intercity', uuid_generate_v5(uuid_ns_url(), 'station:DHKA'), uuid_generate_v5(uuid_ns_url(), 'station:CLH'), ARRAY[0, 1, 2, 4, 5, 6]::SMALLINT[], true, NULL, NULL, NOW(), NOW()),
  (uuid_generate_v5(uuid_ns_url(), 'train:766'), '766', 'Nilsagar Express', 'Nilsagar Express', 'Intercity', uuid_generate_v5(uuid_ns_url(), 'station:CLH'), uuid_generate_v5(uuid_ns_url(), 'station:DHKA'), ARRAY[0, 1, 2, 3, 5, 6]::SMALLINT[], true, NULL, NULL, NOW(), NOW()),
  (uuid_generate_v5(uuid_ns_url(), 'train:759'), '759', 'Padma Express', 'Padma Express', 'Intercity', uuid_generate_v5(uuid_ns_url(), 'station:DHKA'), uuid_generate_v5(uuid_ns_url(), 'station:RAJ'), ARRAY[0, 1, 3, 4, 5, 6]::SMALLINT[], true, NULL, NULL, NOW(), NOW()),
  (uuid_generate_v5(uuid_ns_url(), 'train:760'), '760', 'Padma Express', 'Padma Express', 'Intercity', uuid_generate_v5(uuid_ns_url(), 'station:RAJ'), uuid_generate_v5(uuid_ns_url(), 'station:DHKA'), ARRAY[0, 1, 2, 4, 5, 6]::SMALLINT[], true, NULL, NULL, NOW(), NOW()),
  (uuid_generate_v5(uuid_ns_url(), 'train:719'), '719', 'Paharika Express', 'Paharika Express', 'Intercity', uuid_generate_v5(uuid_ns_url(), 'station:DHKA'), uuid_generate_v5(uuid_ns_url(), 'station:SYT'), ARRAY[0, 1, 2, 3, 5, 6]::SMALLINT[], true, NULL, NULL, NOW(), NOW()),
  (uuid_generate_v5(uuid_ns_url(), 'train:720'), '720', 'Paharika Express', 'Paharika Express', 'Intercity', uuid_generate_v5(uuid_ns_url(), 'station:SYT'), uuid_generate_v5(uuid_ns_url(), 'station:DHKA'), ARRAY[0, 1, 2, 3, 4, 6]::SMALLINT[], true, NULL, NULL, NOW(), NOW()),
  (uuid_generate_v5(uuid_ns_url(), 'train:793'), '793', 'Panchagarh Express', 'Panchagarh Express', 'Intercity', uuid_generate_v5(uuid_ns_url(), 'station:DHKA'), uuid_generate_v5(uuid_ns_url(), 'station:PCG'), ARRAY[0, 1, 2, 3, 4, 5]::SMALLINT[], true, NULL, NULL, NOW(), NOW()),
  (uuid_generate_v5(uuid_ns_url(), 'train:794'), '794', 'Panchagarh Express', 'Panchagarh Express', 'Intercity', uuid_generate_v5(uuid_ns_url(), 'station:PCG'), uuid_generate_v5(uuid_ns_url(), 'station:DHKA'), ARRAY[1, 2, 3, 4, 5, 6]::SMALLINT[], true, NULL, NULL, NOW(), NOW()),
  (uuid_generate_v5(uuid_ns_url(), 'train:709'), '709', 'Parabat Express', 'Parabat Express', 'Intercity', uuid_generate_v5(uuid_ns_url(), 'station:DHKA'), uuid_generate_v5(uuid_ns_url(), 'station:SYT'), ARRAY[0, 1, 3, 4, 5, 6]::SMALLINT[], true, NULL, NULL, NOW(), NOW()),
  (uuid_generate_v5(uuid_ns_url(), 'train:710'), '710', 'Parabat Express', 'Parabat Express', 'Intercity', uuid_generate_v5(uuid_ns_url(), 'station:SYT'), uuid_generate_v5(uuid_ns_url(), 'station:DHKA'), ARRAY[0, 1, 2, 4, 5, 6]::SMALLINT[], true, NULL, NULL, NOW(), NOW()),
  (uuid_generate_v5(uuid_ns_url(), 'train:9'), '9', 'Parbatipur Eid Special', 'Parbatipur Eid Special', 'Express', uuid_generate_v5(uuid_ns_url(), 'station:DHKA'), uuid_generate_v5(uuid_ns_url(), 'station:PBP'), ARRAY[0, 1, 2, 3, 4, 5, 6]::SMALLINT[], true, 'Eid seasonal only', NULL, NOW(), NOW()),
  (uuid_generate_v5(uuid_ns_url(), 'train:10'), '10', 'Parbatipur Eid Special', 'Parbatipur Eid Special', 'Express', uuid_generate_v5(uuid_ns_url(), 'station:PBP'), uuid_generate_v5(uuid_ns_url(), 'station:DHKA'), ARRAY[0, 1, 2, 3, 4, 5, 6]::SMALLINT[], true, 'Eid seasonal only', NULL, NOW(), NOW()),
  (uuid_generate_v5(uuid_ns_url(), 'train:815'), '815', 'Parjotak Express', 'Parjotak Express', 'Intercity', uuid_generate_v5(uuid_ns_url(), 'station:DHKA'), uuid_generate_v5(uuid_ns_url(), 'station:CTG'), ARRAY[0, 1, 2, 3, 4, 6]::SMALLINT[], true, NULL, NULL, NOW(), NOW()),
  (uuid_generate_v5(uuid_ns_url(), 'train:816'), '816', 'Parjotak Express', 'Parjotak Express', 'Intercity', uuid_generate_v5(uuid_ns_url(), 'station:CTG'), uuid_generate_v5(uuid_ns_url(), 'station:DHKA'), ARRAY[0, 1, 2, 3, 4, 5]::SMALLINT[], true, NULL, NULL, NOW(), NOW()),
  (uuid_generate_v5(uuid_ns_url(), 'train:822'), '822', 'Probal Express', 'Probal Express', 'Intercity', uuid_generate_v5(uuid_ns_url(), 'station:DHKA'), uuid_generate_v5(uuid_ns_url(), 'station:CTG'), ARRAY[0, 1, 3, 4, 5, 6]::SMALLINT[], true, NULL, NULL, NOW(), NOW()),
  (uuid_generate_v5(uuid_ns_url(), 'train:823'), '823', 'Probal Express', 'Probal Express', 'Intercity', uuid_generate_v5(uuid_ns_url(), 'station:CTG'), uuid_generate_v5(uuid_ns_url(), 'station:DHKA'), ARRAY[0, 1, 2, 4, 5, 6]::SMALLINT[], true, NULL, NULL, NOW(), NOW()),
  (uuid_generate_v5(uuid_ns_url(), 'train:57'), '57', 'Rajshahi Commuter', 'Rajshahi Commuter', 'Local', uuid_generate_v5(uuid_ns_url(), 'station:RAJ'), uuid_generate_v5(uuid_ns_url(), 'station:IWD'), ARRAY[0, 1, 2, 3, 4, 5, 6]::SMALLINT[], true, NULL, NULL, NOW(), NOW()),
  (uuid_generate_v5(uuid_ns_url(), 'train:58'), '58', 'Rajshahi Commuter', 'Rajshahi Commuter', 'Local', uuid_generate_v5(uuid_ns_url(), 'station:IWD'), uuid_generate_v5(uuid_ns_url(), 'station:RAJ'), ARRAY[0, 1, 2, 3, 4, 5, 6]::SMALLINT[], true, NULL, NULL, NOW(), NOW()),
  (uuid_generate_v5(uuid_ns_url(), 'train:77'), '77', 'Rajshahi Commuter', 'Rajshahi Commuter', 'Local', uuid_generate_v5(uuid_ns_url(), 'station:RAJ'), uuid_generate_v5(uuid_ns_url(), 'station:IWD'), ARRAY[0, 1, 2, 3, 4, 5, 6]::SMALLINT[], true, NULL, NULL, NOW(), NOW()),
  (uuid_generate_v5(uuid_ns_url(), 'train:78'), '78', 'Rajshahi Commuter', 'Rajshahi Commuter', 'Local', uuid_generate_v5(uuid_ns_url(), 'station:IWD'), uuid_generate_v5(uuid_ns_url(), 'station:RAJ'), ARRAY[0, 1, 2, 3, 4, 5, 6]::SMALLINT[], true, NULL, NULL, NOW(), NOW()),
  (uuid_generate_v5(uuid_ns_url(), 'train:771'), '771', 'Rangpur Express', 'Rangpur Express', 'Intercity', uuid_generate_v5(uuid_ns_url(), 'station:DHKA'), uuid_generate_v5(uuid_ns_url(), 'station:RNG'), ARRAY[0, 1, 2, 3, 4, 6]::SMALLINT[], true, NULL, NULL, NOW(), NOW()),
  (uuid_generate_v5(uuid_ns_url(), 'train:772'), '772', 'Rangpur Express', 'Rangpur Express', 'Intercity', uuid_generate_v5(uuid_ns_url(), 'station:RNG'), uuid_generate_v5(uuid_ns_url(), 'station:DHKA'), ARRAY[0, 1, 2, 3, 4, 5]::SMALLINT[], true, NULL, NULL, NOW(), NOW()),
  (uuid_generate_v5(uuid_ns_url(), 'train:827'), '827', 'Ruposhi Bangla Express', 'Ruposhi Bangla Express', 'Intercity', uuid_generate_v5(uuid_ns_url(), 'station:DHKA'), uuid_generate_v5(uuid_ns_url(), 'station:CTG'), ARRAY[0, 1, 3, 4, 5, 6]::SMALLINT[], true, 'Newly added — verify stops', NULL, NOW(), NOW()),
  (uuid_generate_v5(uuid_ns_url(), 'train:828'), '828', 'Ruposhi Bangla Express', 'Ruposhi Bangla Express', 'Intercity', uuid_generate_v5(uuid_ns_url(), 'station:CTG'), uuid_generate_v5(uuid_ns_url(), 'station:DHKA'), ARRAY[0, 1, 2, 4, 5, 6]::SMALLINT[], true, NULL, NULL, NOW(), NOW()),
  (uuid_generate_v5(uuid_ns_url(), 'train:727'), '727', 'Rupsha Express', 'Rupsha Express', 'Intercity', uuid_generate_v5(uuid_ns_url(), 'station:DHKA'), uuid_generate_v5(uuid_ns_url(), 'station:KHU'), ARRAY[0, 1, 2, 4, 5, 6]::SMALLINT[], true, NULL, NULL, NOW(), NOW()),
  (uuid_generate_v5(uuid_ns_url(), 'train:728'), '728', 'Rupsha Express', 'Rupsha Express', 'Intercity', uuid_generate_v5(uuid_ns_url(), 'station:KHU'), uuid_generate_v5(uuid_ns_url(), 'station:DHKA'), ARRAY[0, 1, 2, 3, 5, 6]::SMALLINT[], true, NULL, NULL, NOW(), NOW()),
  (uuid_generate_v5(uuid_ns_url(), 'train:761'), '761', 'Sagardari Express', 'Sagardari Express', 'Intercity', uuid_generate_v5(uuid_ns_url(), 'station:DHKA'), uuid_generate_v5(uuid_ns_url(), 'station:KHU'), ARRAY[0, 2, 3, 4, 5, 6]::SMALLINT[], true, NULL, NULL, NOW(), NOW()),
  (uuid_generate_v5(uuid_ns_url(), 'train:762'), '762', 'Sagardari Express', 'Sagardari Express', 'Intercity', uuid_generate_v5(uuid_ns_url(), 'station:KHU'), uuid_generate_v5(uuid_ns_url(), 'station:DHKA'), ARRAY[0, 1, 3, 4, 5, 6]::SMALLINT[], true, NULL, NULL, NOW(), NOW()),
  (uuid_generate_v5(uuid_ns_url(), 'train:821'), '821', 'Shaikat Express', 'Shaikat Express', 'Intercity', uuid_generate_v5(uuid_ns_url(), 'station:DHKA'), uuid_generate_v5(uuid_ns_url(), 'station:CTG'), ARRAY[0, 1, 2, 3, 5, 6]::SMALLINT[], true, NULL, NULL, NOW(), NOW()),
  (uuid_generate_v5(uuid_ns_url(), 'train:824'), '824', 'Shaikat Express', 'Shaikat Express', 'Intercity', uuid_generate_v5(uuid_ns_url(), 'station:CTG'), uuid_generate_v5(uuid_ns_url(), 'station:DHKA'), ARRAY[0, 1, 2, 3, 4, 6]::SMALLINT[], true, NULL, NULL, NOW(), NOW()),
  (uuid_generate_v5(uuid_ns_url(), 'train:753'), '753', 'Silkcity Express', 'Silkcity Express', 'Intercity', uuid_generate_v5(uuid_ns_url(), 'station:DHKA'), uuid_generate_v5(uuid_ns_url(), 'station:RAJ'), ARRAY[0, 1, 2, 4, 5, 6]::SMALLINT[], true, NULL, NULL, NOW(), NOW()),
  (uuid_generate_v5(uuid_ns_url(), 'train:754'), '754', 'Silkcity Express', 'Silkcity Express', 'Intercity', uuid_generate_v5(uuid_ns_url(), 'station:RAJ'), uuid_generate_v5(uuid_ns_url(), 'station:DHKA'), ARRAY[0, 1, 2, 3, 5, 6]::SMALLINT[], true, NULL, NULL, NOW(), NOW()),
  (uuid_generate_v5(uuid_ns_url(), 'train:747'), '747', 'Simanta Express', 'Simanta Express', 'Intercity', uuid_generate_v5(uuid_ns_url(), 'station:DHKA'), uuid_generate_v5(uuid_ns_url(), 'station:CLH'), ARRAY[0, 1, 3, 4, 5, 6]::SMALLINT[], true, NULL, NULL, NOW(), NOW()),
  (uuid_generate_v5(uuid_ns_url(), 'train:748'), '748', 'Simanta Express', 'Simanta Express', 'Intercity', uuid_generate_v5(uuid_ns_url(), 'station:CLH'), uuid_generate_v5(uuid_ns_url(), 'station:DHKA'), ARRAY[0, 1, 2, 4, 5, 6]::SMALLINT[], true, NULL, NULL, NOW(), NOW()),
  (uuid_generate_v5(uuid_ns_url(), 'train:775'), '775', 'Sirajganj Express', 'Sirajganj Express', 'Intercity', uuid_generate_v5(uuid_ns_url(), 'station:DHKA'), uuid_generate_v5(uuid_ns_url(), 'station:SJG'), ARRAY[0, 1, 2, 3, 4, 6]::SMALLINT[], true, NULL, NULL, NOW(), NOW()),
  (uuid_generate_v5(uuid_ns_url(), 'train:776'), '776', 'Sirajganj Express', 'Sirajganj Express', 'Intercity', uuid_generate_v5(uuid_ns_url(), 'station:SJG'), uuid_generate_v5(uuid_ns_url(), 'station:DHKA'), ARRAY[0, 1, 2, 3, 4, 5]::SMALLINT[], true, NULL, NULL, NOW(), NOW()),
  (uuid_generate_v5(uuid_ns_url(), 'train:787'), '787', 'Sonar Bangla Express', 'Sonar Bangla Express', 'Intercity', uuid_generate_v5(uuid_ns_url(), 'station:DHKA'), uuid_generate_v5(uuid_ns_url(), 'station:CTG'), ARRAY[0, 1, 3, 4, 5, 6]::SMALLINT[], true, NULL, NULL, NOW(), NOW()),
  (uuid_generate_v5(uuid_ns_url(), 'train:788'), '788', 'Sonar Bangla Express', 'Sonar Bangla Express', 'Intercity', uuid_generate_v5(uuid_ns_url(), 'station:CTG'), uuid_generate_v5(uuid_ns_url(), 'station:DHKA'), ARRAY[0, 1, 2, 4, 5, 6]::SMALLINT[], true, NULL, NULL, NOW(), NOW()),
  (uuid_generate_v5(uuid_ns_url(), 'train:701'), '701', 'Suborno Express', 'Suborno Express', 'Intercity', uuid_generate_v5(uuid_ns_url(), 'station:DHKA'), uuid_generate_v5(uuid_ns_url(), 'station:CTG'), ARRAY[0, 1, 2, 3, 4, 6]::SMALLINT[], true, NULL, NULL, NOW(), NOW()),
  (uuid_generate_v5(uuid_ns_url(), 'train:702'), '702', 'Suborno Express', 'Suborno Express', 'Intercity', uuid_generate_v5(uuid_ns_url(), 'station:CTG'), uuid_generate_v5(uuid_ns_url(), 'station:DHKA'), ARRAY[0, 1, 2, 3, 4, 6]::SMALLINT[], true, NULL, NULL, NOW(), NOW()),
  (uuid_generate_v5(uuid_ns_url(), 'train:725'), '725', 'Sundarban Express', 'Sundarban Express', 'Intercity', uuid_generate_v5(uuid_ns_url(), 'station:DHKA'), uuid_generate_v5(uuid_ns_url(), 'station:KHU'), ARRAY[0, 1, 2, 4, 5, 6]::SMALLINT[], true, NULL, NULL, NOW(), NOW()),
  (uuid_generate_v5(uuid_ns_url(), 'train:726'), '726', 'Sundarban Express', 'Sundarban Express', 'Intercity', uuid_generate_v5(uuid_ns_url(), 'station:KHU'), uuid_generate_v5(uuid_ns_url(), 'station:DHKA'), ARRAY[0, 1, 2, 3, 5, 6]::SMALLINT[], true, NULL, NULL, NOW(), NOW()),
  (uuid_generate_v5(uuid_ns_url(), 'train:3'), '3', 'Tista Eid Special', 'Tista Eid Special', 'Express', uuid_generate_v5(uuid_ns_url(), 'station:DHKA'), uuid_generate_v5(uuid_ns_url(), 'station:RNG'), ARRAY[0, 1, 2, 3, 4, 5, 6]::SMALLINT[], true, 'Eid seasonal only', NULL, NOW(), NOW()),
  (uuid_generate_v5(uuid_ns_url(), 'train:4'), '4', 'Tista Eid Special', 'Tista Eid Special', 'Express', uuid_generate_v5(uuid_ns_url(), 'station:RNG'), uuid_generate_v5(uuid_ns_url(), 'station:DHKA'), ARRAY[0, 1, 2, 3, 4, 5, 6]::SMALLINT[], true, 'Eid seasonal only', NULL, NOW(), NOW()),
  (uuid_generate_v5(uuid_ns_url(), 'train:707'), '707', 'Tista Express', 'Tista Express', 'Intercity', uuid_generate_v5(uuid_ns_url(), 'station:DHKA'), uuid_generate_v5(uuid_ns_url(), 'station:LMH'), ARRAY[0, 1, 2, 3, 4, 6]::SMALLINT[], true, NULL, NULL, NOW(), NOW()),
  (uuid_generate_v5(uuid_ns_url(), 'train:708'), '708', 'Tista Express', 'Tista Express', 'Intercity', uuid_generate_v5(uuid_ns_url(), 'station:LMH'), uuid_generate_v5(uuid_ns_url(), 'station:DHKA'), ARRAY[0, 1, 2, 3, 4, 5]::SMALLINT[], true, NULL, NULL, NOW(), NOW()),
  (uuid_generate_v5(uuid_ns_url(), 'train:733'), '733', 'Titumir Express', 'Titumir Express', 'Intercity', uuid_generate_v5(uuid_ns_url(), 'station:DHKA'), uuid_generate_v5(uuid_ns_url(), 'station:RAJ'), ARRAY[0, 1, 2, 3, 4, 6]::SMALLINT[], true, NULL, NULL, NOW(), NOW()),
  (uuid_generate_v5(uuid_ns_url(), 'train:734'), '734', 'Titumir Express', 'Titumir Express', 'Intercity', uuid_generate_v5(uuid_ns_url(), 'station:RAJ'), uuid_generate_v5(uuid_ns_url(), 'station:DHKA'), ARRAY[0, 1, 2, 3, 4, 5]::SMALLINT[], true, NULL, NULL, NOW(), NOW()),
  (uuid_generate_v5(uuid_ns_url(), 'train:783'), '783', 'Tungipara Express', 'Tungipara Express', 'Intercity', uuid_generate_v5(uuid_ns_url(), 'station:DHKA'), uuid_generate_v5(uuid_ns_url(), 'station:KHU'), ARRAY[0, 1, 2, 3, 5, 6]::SMALLINT[], true, NULL, NULL, NOW(), NOW()),
  (uuid_generate_v5(uuid_ns_url(), 'train:784'), '784', 'Tungipara Express', 'Tungipara Express', 'Intercity', uuid_generate_v5(uuid_ns_url(), 'station:KHU'), uuid_generate_v5(uuid_ns_url(), 'station:DHKA'), ARRAY[0, 1, 2, 3, 4, 6]::SMALLINT[], true, NULL, NULL, NOW(), NOW()),
  (uuid_generate_v5(uuid_ns_url(), 'train:741'), '741', 'Turna', 'Turna', 'Intercity', uuid_generate_v5(uuid_ns_url(), 'station:DHKA'), uuid_generate_v5(uuid_ns_url(), 'station:CTG'), ARRAY[0, 1, 2, 3, 4, 6]::SMALLINT[], true, NULL, NULL, NOW(), NOW()),
  (uuid_generate_v5(uuid_ns_url(), 'train:742'), '742', 'Turna', 'Turna', 'Intercity', uuid_generate_v5(uuid_ns_url(), 'station:CTG'), uuid_generate_v5(uuid_ns_url(), 'station:DHKA'), ARRAY[0, 1, 2, 3, 4, 6]::SMALLINT[], true, NULL, NULL, NOW(), NOW()),
  (uuid_generate_v5(uuid_ns_url(), 'train:723'), '723', 'Udayan Express', 'Udayan Express', 'Intercity', uuid_generate_v5(uuid_ns_url(), 'station:DHKA'), uuid_generate_v5(uuid_ns_url(), 'station:SYT'), ARRAY[0, 1, 2, 3, 4, 5]::SMALLINT[], true, NULL, NULL, NOW(), NOW()),
  (uuid_generate_v5(uuid_ns_url(), 'train:724'), '724', 'Udayan Express', 'Udayan Express', 'Intercity', uuid_generate_v5(uuid_ns_url(), 'station:SYT'), uuid_generate_v5(uuid_ns_url(), 'station:DHKA'), ARRAY[1, 2, 3, 4, 5, 6]::SMALLINT[], true, NULL, NULL, NOW(), NOW()),
  (uuid_generate_v5(uuid_ns_url(), 'train:739'), '739', 'Upaban Express', 'Upaban Express', 'Intercity', uuid_generate_v5(uuid_ns_url(), 'station:DHKA'), uuid_generate_v5(uuid_ns_url(), 'station:SYT'), ARRAY[0, 1, 3, 4, 5, 6]::SMALLINT[], true, NULL, NULL, NOW(), NOW()),
  (uuid_generate_v5(uuid_ns_url(), 'train:740'), '740', 'Upaban Express', 'Upaban Express', 'Intercity', uuid_generate_v5(uuid_ns_url(), 'station:SYT'), uuid_generate_v5(uuid_ns_url(), 'station:DHKA'), ARRAY[0, 1, 2, 4, 5, 6]::SMALLINT[], true, NULL, NULL, NOW(), NOW()),
  (uuid_generate_v5(uuid_ns_url(), 'train:711'), '711', 'Upakul Express', 'Upakul Express', 'Intercity', uuid_generate_v5(uuid_ns_url(), 'station:DHKA'), uuid_generate_v5(uuid_ns_url(), 'station:NOA'), ARRAY[0, 1, 2, 3, 4, 6]::SMALLINT[], true, NULL, NULL, NOW(), NOW()),
  (uuid_generate_v5(uuid_ns_url(), 'train:712'), '712', 'Upakul Express', 'Upakul Express', 'Intercity', uuid_generate_v5(uuid_ns_url(), 'station:NOA'), uuid_generate_v5(uuid_ns_url(), 'station:DHKA'), ARRAY[0, 1, 2, 3, 4, 6]::SMALLINT[], true, NULL, NULL, NOW(), NOW());

INSERT INTO train_stops (
  id,
  train_id,
  station_id,
  sequence,
  arrival_time,
  departure_time,
  halt_minutes,
  is_major_stop
) VALUES
  (uuid_generate_v5(uuid_ns_url(), 'stop:787:1'), uuid_generate_v5(uuid_ns_url(), 'train:787'), uuid_generate_v5(uuid_ns_url(), 'station:DHKA'), 1, NULL, TIME '07:00:00', 0, true),
  (uuid_generate_v5(uuid_ns_url(), 'stop:787:2'), uuid_generate_v5(uuid_ns_url(), 'train:787'), uuid_generate_v5(uuid_ns_url(), 'station:DABB'), 2, TIME '07:20:00', TIME '07:22:00', 0, false),
  (uuid_generate_v5(uuid_ns_url(), 'stop:787:3'), uuid_generate_v5(uuid_ns_url(), 'train:787'), uuid_generate_v5(uuid_ns_url(), 'station:CTG'), 3, TIME '11:55:00', NULL, 0, true),
  (uuid_generate_v5(uuid_ns_url(), 'stop:788:1'), uuid_generate_v5(uuid_ns_url(), 'train:788'), uuid_generate_v5(uuid_ns_url(), 'station:CTG'), 1, NULL, TIME '15:00:00', 0, true),
  (uuid_generate_v5(uuid_ns_url(), 'stop:788:2'), uuid_generate_v5(uuid_ns_url(), 'train:788'), uuid_generate_v5(uuid_ns_url(), 'station:DABB'), 2, TIME '19:38:00', TIME '19:40:00', 0, false),
  (uuid_generate_v5(uuid_ns_url(), 'stop:788:3'), uuid_generate_v5(uuid_ns_url(), 'train:788'), uuid_generate_v5(uuid_ns_url(), 'station:DHKA'), 3, TIME '19:55:00', NULL, 0, true),
  (uuid_generate_v5(uuid_ns_url(), 'stop:703:1'), uuid_generate_v5(uuid_ns_url(), 'train:703'), uuid_generate_v5(uuid_ns_url(), 'station:CTG'), 1, NULL, TIME '15:00:00', 0, true),
  (uuid_generate_v5(uuid_ns_url(), 'stop:703:2'), uuid_generate_v5(uuid_ns_url(), 'train:703'), uuid_generate_v5(uuid_ns_url(), 'station:COM'), 2, TIME '17:10:00', TIME '17:15:00', 0, false),
  (uuid_generate_v5(uuid_ns_url(), 'stop:703:3'), uuid_generate_v5(uuid_ns_url(), 'train:703'), uuid_generate_v5(uuid_ns_url(), 'station:AKH'), 3, TIME '17:55:00', TIME '18:00:00', 0, false),
  (uuid_generate_v5(uuid_ns_url(), 'stop:703:4'), uuid_generate_v5(uuid_ns_url(), 'train:703'), uuid_generate_v5(uuid_ns_url(), 'station:BBZ'), 4, TIME '18:45:00', TIME '18:50:00', 0, false),
  (uuid_generate_v5(uuid_ns_url(), 'stop:703:5'), uuid_generate_v5(uuid_ns_url(), 'train:703'), uuid_generate_v5(uuid_ns_url(), 'station:NSD'), 5, TIME '19:20:00', TIME '19:22:00', 0, false),
  (uuid_generate_v5(uuid_ns_url(), 'stop:703:6'), uuid_generate_v5(uuid_ns_url(), 'train:703'), uuid_generate_v5(uuid_ns_url(), 'station:DHKA'), 6, TIME '21:40:00', NULL, 0, true),
  (uuid_generate_v5(uuid_ns_url(), 'stop:704:1'), uuid_generate_v5(uuid_ns_url(), 'train:704'), uuid_generate_v5(uuid_ns_url(), 'station:DHKA'), 1, NULL, TIME '07:45:00', 0, true),
  (uuid_generate_v5(uuid_ns_url(), 'stop:704:2'), uuid_generate_v5(uuid_ns_url(), 'train:704'), uuid_generate_v5(uuid_ns_url(), 'station:NSD'), 2, TIME '08:45:00', TIME '08:47:00', 0, false),
  (uuid_generate_v5(uuid_ns_url(), 'stop:704:3'), uuid_generate_v5(uuid_ns_url(), 'train:704'), uuid_generate_v5(uuid_ns_url(), 'station:BBZ'), 3, TIME '09:20:00', TIME '09:25:00', 0, false),
  (uuid_generate_v5(uuid_ns_url(), 'stop:704:4'), uuid_generate_v5(uuid_ns_url(), 'train:704'), uuid_generate_v5(uuid_ns_url(), 'station:AKH'), 4, TIME '10:10:00', TIME '10:15:00', 0, false),
  (uuid_generate_v5(uuid_ns_url(), 'stop:704:5'), uuid_generate_v5(uuid_ns_url(), 'train:704'), uuid_generate_v5(uuid_ns_url(), 'station:COM'), 5, TIME '10:55:00', TIME '11:00:00', 0, false),
  (uuid_generate_v5(uuid_ns_url(), 'stop:704:6'), uuid_generate_v5(uuid_ns_url(), 'train:704'), uuid_generate_v5(uuid_ns_url(), 'station:CTG'), 6, TIME '14:25:00', NULL, 0, true),
  (uuid_generate_v5(uuid_ns_url(), 'stop:701:1'), uuid_generate_v5(uuid_ns_url(), 'train:701'), uuid_generate_v5(uuid_ns_url(), 'station:DHKA'), 1, NULL, TIME '07:00:00', 0, true),
  (uuid_generate_v5(uuid_ns_url(), 'stop:701:2'), uuid_generate_v5(uuid_ns_url(), 'train:701'), uuid_generate_v5(uuid_ns_url(), 'station:DABB'), 2, TIME '07:20:00', TIME '07:22:00', 0, false),
  (uuid_generate_v5(uuid_ns_url(), 'stop:701:3'), uuid_generate_v5(uuid_ns_url(), 'train:701'), uuid_generate_v5(uuid_ns_url(), 'station:NSD'), 3, TIME '08:20:00', TIME '08:22:00', 0, false),
  (uuid_generate_v5(uuid_ns_url(), 'stop:701:4'), uuid_generate_v5(uuid_ns_url(), 'train:701'), uuid_generate_v5(uuid_ns_url(), 'station:COM'), 4, TIME '10:00:00', TIME '10:05:00', 0, false),
  (uuid_generate_v5(uuid_ns_url(), 'stop:701:5'), uuid_generate_v5(uuid_ns_url(), 'train:701'), uuid_generate_v5(uuid_ns_url(), 'station:CTG'), 5, TIME '13:30:00', NULL, 0, true),
  (uuid_generate_v5(uuid_ns_url(), 'stop:739:1'), uuid_generate_v5(uuid_ns_url(), 'train:739'), uuid_generate_v5(uuid_ns_url(), 'station:DHKA'), 1, NULL, TIME '21:40:00', 0, true),
  (uuid_generate_v5(uuid_ns_url(), 'stop:739:2'), uuid_generate_v5(uuid_ns_url(), 'train:739'), uuid_generate_v5(uuid_ns_url(), 'station:DABB'), 2, TIME '22:00:00', TIME '22:02:00', 0, false),
  (uuid_generate_v5(uuid_ns_url(), 'stop:739:3'), uuid_generate_v5(uuid_ns_url(), 'train:739'), uuid_generate_v5(uuid_ns_url(), 'station:BBZ'), 3, TIME '23:10:00', TIME '23:15:00', 0, false),
  (uuid_generate_v5(uuid_ns_url(), 'stop:739:4'), uuid_generate_v5(uuid_ns_url(), 'train:739'), uuid_generate_v5(uuid_ns_url(), 'station:AKH'), 4, TIME '00:10:00', TIME '00:15:00', 0, false),
  (uuid_generate_v5(uuid_ns_url(), 'stop:739:5'), uuid_generate_v5(uuid_ns_url(), 'train:739'), uuid_generate_v5(uuid_ns_url(), 'station:SRM'), 5, TIME '02:15:00', TIME '02:20:00', 0, false),
  (uuid_generate_v5(uuid_ns_url(), 'stop:739:6'), uuid_generate_v5(uuid_ns_url(), 'train:739'), uuid_generate_v5(uuid_ns_url(), 'station:SYT'), 6, TIME '04:50:00', NULL, 0, true),
  (uuid_generate_v5(uuid_ns_url(), 'stop:707:1'), uuid_generate_v5(uuid_ns_url(), 'train:707'), uuid_generate_v5(uuid_ns_url(), 'station:DHKA'), 1, NULL, TIME '19:00:00', 0, true),
  (uuid_generate_v5(uuid_ns_url(), 'stop:707:2'), uuid_generate_v5(uuid_ns_url(), 'train:707'), uuid_generate_v5(uuid_ns_url(), 'station:DABB'), 2, TIME '19:20:00', TIME '19:22:00', 0, false),
  (uuid_generate_v5(uuid_ns_url(), 'stop:707:3'), uuid_generate_v5(uuid_ns_url(), 'train:707'), uuid_generate_v5(uuid_ns_url(), 'station:TNG'), 3, TIME '19:45:00', TIME '19:48:00', 0, false),
  (uuid_generate_v5(uuid_ns_url(), 'stop:707:4'), uuid_generate_v5(uuid_ns_url(), 'train:707'), uuid_generate_v5(uuid_ns_url(), 'station:IWD'), 4, TIME '23:20:00', TIME '23:30:00', 0, false),
  (uuid_generate_v5(uuid_ns_url(), 'stop:707:5'), uuid_generate_v5(uuid_ns_url(), 'train:707'), uuid_generate_v5(uuid_ns_url(), 'station:STH'), 5, TIME '01:10:00', TIME '01:20:00', 0, false),
  (uuid_generate_v5(uuid_ns_url(), 'stop:707:6'), uuid_generate_v5(uuid_ns_url(), 'train:707'), uuid_generate_v5(uuid_ns_url(), 'station:BOG'), 6, TIME '02:20:00', TIME '02:25:00', 0, false),
  (uuid_generate_v5(uuid_ns_url(), 'stop:707:7'), uuid_generate_v5(uuid_ns_url(), 'train:707'), uuid_generate_v5(uuid_ns_url(), 'station:PBP'), 7, TIME '03:55:00', TIME '04:05:00', 0, false),
  (uuid_generate_v5(uuid_ns_url(), 'stop:707:8'), uuid_generate_v5(uuid_ns_url(), 'train:707'), uuid_generate_v5(uuid_ns_url(), 'station:LMH'), 8, TIME '04:30:00', NULL, 0, true),
  (uuid_generate_v5(uuid_ns_url(), 'stop:725:1'), uuid_generate_v5(uuid_ns_url(), 'train:725'), uuid_generate_v5(uuid_ns_url(), 'station:DHKA'), 1, NULL, TIME '06:20:00', 0, true),
  (uuid_generate_v5(uuid_ns_url(), 'stop:725:2'), uuid_generate_v5(uuid_ns_url(), 'train:725'), uuid_generate_v5(uuid_ns_url(), 'station:DABB'), 2, TIME '06:40:00', TIME '06:42:00', 0, false),
  (uuid_generate_v5(uuid_ns_url(), 'stop:725:3'), uuid_generate_v5(uuid_ns_url(), 'train:725'), uuid_generate_v5(uuid_ns_url(), 'station:TNG'), 3, TIME '07:05:00', TIME '07:08:00', 0, false),
  (uuid_generate_v5(uuid_ns_url(), 'stop:725:4'), uuid_generate_v5(uuid_ns_url(), 'train:725'), uuid_generate_v5(uuid_ns_url(), 'station:IWD'), 4, TIME '10:40:00', TIME '10:50:00', 0, false),
  (uuid_generate_v5(uuid_ns_url(), 'stop:725:5'), uuid_generate_v5(uuid_ns_url(), 'train:725'), uuid_generate_v5(uuid_ns_url(), 'station:JS'), 5, TIME '13:05:00', TIME '13:10:00', 0, false),
  (uuid_generate_v5(uuid_ns_url(), 'stop:725:6'), uuid_generate_v5(uuid_ns_url(), 'train:725'), uuid_generate_v5(uuid_ns_url(), 'station:KHU'), 6, TIME '14:50:00', NULL, 0, true);

INSERT INTO fares (
  id,
  train_id,
  from_station_id,
  to_station_id,
  class,
  price_bdt,
  last_verified,
  created_at
) VALUES
  (uuid_generate_v5(uuid_ns_url(), 'fare:1'), NULL, uuid_generate_v5(uuid_ns_url(), 'station:DHKA'), uuid_generate_v5(uuid_ns_url(), 'station:CTG'), 'SHOVON_CHAIR', 375, DATE '2026-06-10', NOW()),
  (uuid_generate_v5(uuid_ns_url(), 'fare:2'), NULL, uuid_generate_v5(uuid_ns_url(), 'station:DHKA'), uuid_generate_v5(uuid_ns_url(), 'station:CTG'), 'SNIGDHA', 798, DATE '2026-06-10', NOW()),
  (uuid_generate_v5(uuid_ns_url(), 'fare:3'), NULL, uuid_generate_v5(uuid_ns_url(), 'station:DHKA'), uuid_generate_v5(uuid_ns_url(), 'station:CTG'), 'FIRST_BERTH', 985, DATE '2026-06-10', NOW()),
  (uuid_generate_v5(uuid_ns_url(), 'fare:4'), NULL, uuid_generate_v5(uuid_ns_url(), 'station:DHKA'), uuid_generate_v5(uuid_ns_url(), 'station:CTG'), 'AC_BERTH', 1689, DATE '2026-06-10', NOW()),
  (uuid_generate_v5(uuid_ns_url(), 'fare:5'), NULL, uuid_generate_v5(uuid_ns_url(), 'station:DHKA'), uuid_generate_v5(uuid_ns_url(), 'station:CTG'), 'AC_SEAT', 1233, DATE '2026-06-10', NOW()),
  (uuid_generate_v5(uuid_ns_url(), 'fare:6'), NULL, uuid_generate_v5(uuid_ns_url(), 'station:DHKA'), uuid_generate_v5(uuid_ns_url(), 'station:SYT'), 'SHOVON_CHAIR', 340, DATE '2026-06-10', NOW()),
  (uuid_generate_v5(uuid_ns_url(), 'fare:7'), NULL, uuid_generate_v5(uuid_ns_url(), 'station:DHKA'), uuid_generate_v5(uuid_ns_url(), 'station:SYT'), 'SNIGDHA', 743, DATE '2026-06-10', NOW()),
  (uuid_generate_v5(uuid_ns_url(), 'fare:8'), NULL, uuid_generate_v5(uuid_ns_url(), 'station:DHKA'), uuid_generate_v5(uuid_ns_url(), 'station:SYT'), 'AC_BERTH', 1571, DATE '2026-06-10', NOW()),
  (uuid_generate_v5(uuid_ns_url(), 'fare:9'), NULL, uuid_generate_v5(uuid_ns_url(), 'station:DHKA'), uuid_generate_v5(uuid_ns_url(), 'station:RAJ'), 'SHOVON_CHAIR', 405, DATE '2026-06-10', NOW()),
  (uuid_generate_v5(uuid_ns_url(), 'fare:10'), NULL, uuid_generate_v5(uuid_ns_url(), 'station:DHKA'), uuid_generate_v5(uuid_ns_url(), 'station:RAJ'), 'SNIGDHA', 865, DATE '2026-06-10', NOW()),
  (uuid_generate_v5(uuid_ns_url(), 'fare:11'), NULL, uuid_generate_v5(uuid_ns_url(), 'station:DHKA'), uuid_generate_v5(uuid_ns_url(), 'station:RAJ'), 'AC_BERTH', 1831, DATE '2026-06-10', NOW()),
  (uuid_generate_v5(uuid_ns_url(), 'fare:12'), NULL, uuid_generate_v5(uuid_ns_url(), 'station:DHKA'), uuid_generate_v5(uuid_ns_url(), 'station:KHU'), 'SHOVON_CHAIR', 455, DATE '2026-06-10', NOW()),
  (uuid_generate_v5(uuid_ns_url(), 'fare:13'), NULL, uuid_generate_v5(uuid_ns_url(), 'station:DHKA'), uuid_generate_v5(uuid_ns_url(), 'station:KHU'), 'SNIGDHA', 975, DATE '2026-06-10', NOW()),
  (uuid_generate_v5(uuid_ns_url(), 'fare:14'), NULL, uuid_generate_v5(uuid_ns_url(), 'station:DHKA'), uuid_generate_v5(uuid_ns_url(), 'station:KHU'), 'FIRST_BERTH', 1206, DATE '2026-06-10', NOW()),
  (uuid_generate_v5(uuid_ns_url(), 'fare:15'), NULL, uuid_generate_v5(uuid_ns_url(), 'station:DHKA'), uuid_generate_v5(uuid_ns_url(), 'station:KHU'), 'AC_BERTH', 2072, DATE '2026-06-10', NOW());
